cluster,top_hit
100,A0A921MZA6
101,A0A7H1J701
102,I0L6Y4
103,V5TZK2
107,A0A5Q8CGK4
108,A0A2D5IXB7
109,A0A4R5BPK0
113,K8XWY0
23,A0A9X3RUA1
25,A0A562K349
26,A0A7Z0UCS0
27,A5VJN3
29,A0A1G8VPE1
32,A0A3A9YH77
33,A0A358GNE2
34,A0A2N7TJE0
35,A0A4N1MA08
37,A0A1S2I9H9
38,A0A7Y8AHF3
39,A0A4U5X013
40,A0A2W0D1J9
41,A0A9Q6W6P7
43,A0A3R9D2A1
44,A0A8J3LTJ7
45,A0A2N5PIT2
46,A0A0F6Z5A0
47,A0A5B7TKZ5
48,S4EBP2
51,A0A1G6JEV8
52,A0A2N9L6C8
53,A6VUH1
54,A0A1G7PLU1
56,A0A858J331
57,A0A3N9XDK7
58,A0A143QES6
59,A0A512PN44
60,A0A6J4M181
62,A0A2A3GHR3
63,A0A147F4A1
64,A0A6I1K9V7
65,A0A1C5Q8P7
66,A0A1W6N6X9
67,A0A0L8BR84
68,A0A7Y4DK62
71,C6Q2H4
72,A0A0D4CMU9
74,B7GPL4
75,A0A5B8T913
76,A0A921HQQ7
77,A0A4R3J4D8
78,A0A5P9B6Q0
79,A0A529ZWI6
80,F7KI36
81,A0A6J6M2J4
82,A0A963ZLS8
84,A0A4V0Z7S4
86,A0A432DUH7
87,A0A4R4WVS0
90,Q6TT79
91,A0A7V8U2N9
93,A0A2J4PDR1
94,A0A5Y7V122
95,A0A7W6ZR34
96,W4F2B9
97,A0A250JER0
99,E0NG61