cluster,top_hit
100,A0A2N4XY98
101,A0A1B2HHE1
103,A0A1E5GNW2
104,A0A6B5QEU0
109,A0A7C6ZYT7
110,A0A0B5BMY7
112,A0A242AQ67
114,A0A075P494
115,A0A2N6UCG4
116,A0A3N4E7H8
119,A0A847MZP7
120,A0A4V2I7W9
122,I3DVS4
123,A0A3M2QE51
124,A0A4R5NG97
125,A0A120KQ74
126,A0A417YSW2
127,A0A1C5I5J3
129,A0A4Q8XEJ9
131,A0A1G8B1T1
132,F4LXL6
134,A0A4R0SIL9
135,A0A7C6QBP6
137,A0A2G6WME6
138,R2R721
141,A0A2X4WJJ6
142,A0A3S1B5U9
143,A0A6P1EJG9
144,A0A434GAU7
146,A0A412CGX7
149,A0A853QD32
150,A0A7U9T6F2
152,A0A4Q9DUS4
154,A0A2G1MJ20
155,A0A2U8HCU0
158,A0A5C0SAK4
159,A0A3E2UUT0
160,A0A2E8CDL9
164,F3ZWQ4
170,A0A060ZPF3
171,A0A6L9TAA1
172,A0A4V1VMM6
173,A0A0Q7JGI5
175,A0A0W8JDE9
181,A0A1H4G910
182,A0A2N1S5J4
185,A0A1F0CH70
191,A0A2T5RF21
195,A0A0E4H8A8
197,A0A3C0LBC0
198,C6JQU2
199,A0A3D8UF03
200,A0A4R0ZVU0
201,A0A6H2KL29
203,A0A378AFF8
204,A0A9D0BWP5
208,A0A9E2AT52
209,A0A0U2U377
210,A0A940QDT8
214,A0A315R0X0
215,A0A3G8R6G9
218,A0A660TL52
221,A0A1H7QXX4
222,A0A9X8RE67
223,A0A223EJI9
224,A0A059N351
225,C4ZEE6
228,A0A545BJB8
230,A0A387FVP9
43,S5NTH4
44,A0A5R9L2Z6
48,A0A562K6T3
49,B5XQK6
53,A0A124H2D1
54,Q2S744
55,A0A564TF48
56,U6SJL1
57,A0A2A6K087
58,A0A3D8HI22
60,A0A6I4NUC5
61,A0A7G5HYP8
62,A0A2B2FH21
63,A0A4R0I508
64,A0A2D0JLS2
65,A0A7V4CV88
66,A0A1F3LW98
67,A0A6V8K516
69,A0A8J3WLE3
71,A0A9P1V163
72,F9NZT1
73,A0A4Q3F3M1
74,A0A6L5E682
76,A0A374WQJ2
77,A0A4V0YXK6
79,A0A260PY77
80,A0A8B2RLE0
82,A0A653XG57
83,A0A2N5NUE4
84,A0A0Q9MMG2
85,A0A4R3GQ27
87,J0NCM9
89,A0A8H9L1Z2
90,A0A3T1DDX7
92,A0A7Y8IW02
94,F0RUV8
95,A0A4Q6IBC7